manifest_created,path,kind,used_for,status,n_files,size_bytes,mtime,sha256,hash_method,repo_copy
2026-10-02T10:02:26,/home/gsimonet/Desktop/NETATMO_BOLZANO_PACKAGE/qc_output/temperature_qc_filtered_SCT_20211231_2300_20251112_1000.nc,file,"NetAtmo QC with corrected SCT (Fig. 8, 9, 11, 13, 14)",ok,1,25210054,2026-10-01T10:15:04,8b1918df94659ad6d2a74b0abbff9aa85bbc874d5a92ec35abf92e0ead8cbdde,full,
2026-10-02T10:02:26,/home/gsimonet/Desktop/NETATMO_BOLZANO_PACKAGE/qc_output/temperature_qc_filtered_20211231_2300_20251112_1000.nc,file,"NetAtmo QC without SCT (previous figure versions, Appendix)",ok,1,26293862,2025-12-02T09:39:19,8baed0b8c703225352349bbe1e1d89cb6f57be0e306f2aca1d5cf01964135697,full,
2026-10-02T10:02:26,/home/gsimonet/Desktop/NETATMO_BOLZANO_PACKAGE/raw_nc_files/NetAtmo_Bolzano_temperature_20251112.nc,file,"NetAtmo raw data, input of the QC",ok,1,24945566,2025-11-12T15:18:53,a17642f4bc459f335c48212ae657e9805f8d5f222c0b6f491794590d8463b01e,full,
2026-10-02T10:02:26,/home/gsimonet/Desktop/NETATMO_BOLZANO_PACKAGE/station_list/stations_20250131_160200.csv,file,NetAtmo station metadata (street names),ok,1,12702,2025-01-31T16:02:00,41711c0d681cbd168e46039147f5087f953409bc02bcbc8fd219858abee1b1ad,full,
2026-10-02T10:02:26,/home/gsimonet/Desktop/Meteotrackers_package/meteotracker_incremental/netcdf_files/meteotracker_summer_2025.nc,file,"MeteoTracker July 2025 campaign (Fig. 8, 9)",ok,1,9864965,2025-11-27T10:13:22,36d89cdee23cf3970cf9b0614503a06f59561c9050b55bbd880aedd8c51c818a,full,
2026-10-02T10:02:26,/home/gsimonet/Desktop/AWS_alto_Adige/CSV/organized/8320LTV0010A_Bozen_20030101_20240224.csv,file,AWS Bolzano hourly temperature (Fig. 4a),ok,1,36090533,2025-04-14T15:11:33,5d878fdc28cf39e2a4ddabd565bb9df735615f67b0c8c2221d28dda95d1c3d1b,full,
2026-10-02T10:02:26,/home/gsimonet/Desktop/multi_source_UHI_Bolzano_package/UrbClim_vs_netatmo/csv_exports/urbclim_netatmo_pairs.csv,file,UrbClim-NetAtmo collocated pairs (Appendix),ok,1,68213121,2026-05-12T14:07:47,9827e991750a89db25f4978abc8067bd60386590f872fd1ea5e0588247776ba7,full,
2026-10-02T10:02:26,/home/gsimonet/Desktop/LST_remote_sensing/lst-bolzano-all/lst-bolzano.nc,file,Fused Landsat/MODIS LST,ok,1,915703880,2026-03-06T11:15:54,c3c2858f19556c7b53874a3638e14c18d9db1ffe7f1d4dd5b85659d811bf347e,full,
2026-10-02T10:02:26,/mnt/CEPH_PROJECTS/RETURN/DS_CLIMATE/BOLZANO_URBAN_CASE/UrbClim/Bolzano/Bolzano_UHI_RETURN_combined.nc,file,UrbClim 2001-2023 hourly fields,ok,1,64784763511,2026-02-17T10:46:34,b6f0e6f5eae7b2cb646a002e4b969d2ebff3e71847fd91af6afbc9142ac0e3b1,partial (size + first/last 64 MB),
2026-10-02T10:02:26,/mnt/CEPH_PROJECTS/RETURN/DS_CLIMATE/BOLZANO_URBAN_CASE/TASMAX_HEATWAVES/Heatwaves95p_fixed_1980_2025_Bolzano_Grid.csv,file,Heatwave events (Fig. 4b),ok,1,2375,2026-09-15T17:30:40,17218889861448f715af37b9bb01f5132be3dea276afab543f882165c21520f3,full,
2026-10-02T10:02:26,/mnt/CEPH_PROJECTS/RETURN/DS_CLIMATE/BOLZANO_URBAN_CASE/WRF_ALTO_ADIGE/WRF_consolidated_intermediate,dir,WRF daily harmonized archive 2020-2024,ok,1827,590830254879,2026-07-30T09:20:17,b61c8c1b569739dedcc42ec7e2c1b8652bd833cecf201e897bfdc751481533b4,fingerprint of sorted name/size/mtime list,
2026-10-02T10:02:26,/mnt/CEPH_PROJECTS/RETURN/DS_CLIMATE/BOLZANO_URBAN_CASE/WRF_ALTO_ADIGE/HW_202308_13_26_subset,dir,WRF HW 2023 subset (wind/cross-sections),ok,15,16751093332,2025-03-03T19:51:47,f8818e80663bc74fcd379e043e300a4c2889f69ce9d117e77281c50e1c18a6ec,fingerprint of sorted name/size/mtime list,
2026-10-02T10:02:26,/mnt/CEPH_PROJECTS/RETURN/DS_CLIMATE/BOLZANO_URBAN_CASE/WRF_ALTO_ADIGE/WRF_RAW_2020_subset/WRF_2020_RAW_subset.nc,file,WRF raw 2020 (seasonal wind),ok,1,168782227998,2025-03-24T19:07:37,13129360764999ff913f2eaad165a245149926d2b332b29282ff29d64567daa7,partial (size + first/last 64 MB),
2026-10-02T10:02:26,/mnt/CEPH_PROJECTS/RETURN/DS_CLIMATE/BOLZANO_URBAN_CASE/WRF_ALTO_ADIGE/WRF_RAW_2021_subset/WRF_RAW_Alto_Adige_2021.nc,file,WRF raw 2021 (seasonal wind),ok,1,102556273168,2025-03-11T05:19:25,c42ad2ea43e5e10c0594097e8731aa625edffb2d70c4536bfdb6e01f72d26328,partial (size + first/last 64 MB),
2026-10-02T10:02:26,/mnt/CEPH_PROJECTS/RETURN/DS_CLIMATE/BOLZANO_URBAN_CASE/WRF_ALTO_ADIGE/WRF_RAW_2023_subset/WRF_RAW_Alto_Adige_2023.nc,file,WRF raw 2023 (seasonal wind),ok,1,137362905745,2025-03-12T17:20:10,3f76e24de0c46234ee7bd59d16ee93e508baf26168090d3defa6e286bec52538,partial (size + first/last 64 MB),
2026-10-02T10:02:26,/mnt/CEPH_PROJECTS/RETURN/DS_CLIMATE/BOLZANO_URBAN_CASE/WRF_ALTO_ADIGE/WRF_RAW_2024_subset/WRF_RAW_Alto_Adige_2024.nc,file,WRF raw 2024 (seasonal wind),ok,1,141446000099,2025-03-12T18:01:27,0b63d0fac9fb763f16c2782d8a2d7afd5a75e93b7a5e3bcd3bbef816c83cfd63,partial (size + first/last 64 MB),
2026-10-02T10:02:26,/home/gsimonet/Desktop/multi_source_UHI_Bolzano_package/topo_map_bolzano/DEM_10m_south_tirol.tif,file,"DEM 10 m (elevation corrections, maps)",ok,1,200660820,2026-04-20T09:44:23,8b8450b61dd5ddf574006043230e5b71dc2525ee971a4297b8f7352a2e8782c9,full,
2026-10-02T10:02:26,/home/gsimonet/Desktop/multi_source_UHI_Bolzano_package/topo_map_bolzano/DEM_10m_south_tirol_WGS84.tif,file,DEM 10 m WGS84 (Fig. 1b),ok,1,137686066,2026-04-22T08:42:50,5cee46fff71873dc9fbf0c70dfc68d13fa403d6147d7030b25096dd67eb4ecea,full,
2026-10-02T10:02:26,/home/gsimonet/Desktop/multi_source_UHI_Bolzano_package/topo_map_bolzano/LCZ_clipped.tif,file,"European LCZ map, Demuzere et al. 2022 (Fig. 2)",ok,1,237276,2026-04-20T11:36:34,fbdec785d996469ec829add7f8da251cfd4ff7d406ba99e68dad0af2c0936313,full,
2026-10-02T10:02:26,/home/gsimonet/Desktop/multi_source_UHI_Bolzano_package/MAP_of_ITALY_for_BZ_location/TrentinoAltoAdige.shp,shapefile part,Regional boundary (Fig. 1),ok,1,825124,2026-03-27T10:01:57,20b9ac70752347ed760735399a634b4bc655600944a8b6d27a4f68749fd59eb0,full,
2026-10-02T10:02:26,/home/gsimonet/Desktop/multi_source_UHI_Bolzano_package/MAP_of_ITALY_for_BZ_location/TrentinoAltoAdige.shx,shapefile part,Regional boundary (Fig. 1),ok,1,116,2026-03-27T10:01:57,0cb57ac550d4d99da91115404a508375b4c982fd9ebd00c63124b170c3e09ca8,full,
2026-10-02T10:02:26,/home/gsimonet/Desktop/WRF_alto_adige_local/script/analysis/LCZ_shapefile_analysis/shapefiles/Bolzano_urban_area.cpg,shapefile part,Urban area (EPSG:3035),ok,1,5,2025-02-20T15:43:31,3ad3031f5503a4404af825262ee8232cc04d4ea6683d42c5dd0a2f2a27ac9824,full,data/shapefiles/wrf_analysis/Bolzano_urban_area.cpg
2026-10-02T10:02:26,/home/gsimonet/Desktop/WRF_alto_adige_local/script/analysis/LCZ_shapefile_analysis/shapefiles/Bolzano_urban_area.dbf,shapefile part,Urban area (EPSG:3035),ok,1,77,2025-02-20T15:43:31,026acbe4dddf338f51f7ecf63c88e1fa923bf00d1976971a03c47078f45603f7,full,data/shapefiles/wrf_analysis/Bolzano_urban_area.dbf
2026-10-02T10:02:26,/home/gsimonet/Desktop/WRF_alto_adige_local/script/analysis/LCZ_shapefile_analysis/shapefiles/Bolzano_urban_area.prj,shapefile part,Urban area (EPSG:3035),ok,1,380,2025-02-20T15:43:31,da5ba59a3aab0d7f6ee209750f35a3642f308afee1f6313cee3707ef7a62c18b,full,data/shapefiles/wrf_analysis/Bolzano_urban_area.prj
2026-10-02T10:02:26,/home/gsimonet/Desktop/WRF_alto_adige_local/script/analysis/LCZ_shapefile_analysis/shapefiles/Bolzano_urban_area.shp,shapefile part,Urban area (EPSG:3035),ok,1,700,2025-02-20T15:43:31,087381f365ec62b62151fc805d410a586335428ce222ec7bb869537fb0129547,full,data/shapefiles/wrf_analysis/Bolzano_urban_area.shp
2026-10-02T10:02:26,/home/gsimonet/Desktop/WRF_alto_adige_local/script/analysis/LCZ_shapefile_analysis/shapefiles/Bolzano_urban_area.shx,shapefile part,Urban area (EPSG:3035),ok,1,108,2025-02-20T15:43:31,c03536ebbed969c90d6207af77aefa5a52d248bb8f89b1e502281af2034dd729,full,data/shapefiles/wrf_analysis/Bolzano_urban_area.shx
2026-10-02T10:02:26,/home/gsimonet/Desktop/WRF_alto_adige_local/script/analysis/LCZ_shapefile_analysis/shapefiles/Bolzano_urban_area_WGS84.cpg,shapefile part,Urban area (WGS84),ok,1,5,2025-05-21T16:18:44,3ad3031f5503a4404af825262ee8232cc04d4ea6683d42c5dd0a2f2a27ac9824,full,data/shapefiles/wrf_analysis/Bolzano_urban_area_WGS84.cpg
2026-10-02T10:02:26,/home/gsimonet/Desktop/WRF_alto_adige_local/script/analysis/LCZ_shapefile_analysis/shapefiles/Bolzano_urban_area_WGS84.dbf,shapefile part,Urban area (WGS84),ok,1,77,2025-05-21T16:18:44,99da6712364d56736bd891bc3d90c84087e5b472e28a6dd4155b18d8f859aed9,full,data/shapefiles/wrf_analysis/Bolzano_urban_area_WGS84.dbf
2026-10-02T10:02:26,/home/gsimonet/Desktop/WRF_alto_adige_local/script/analysis/LCZ_shapefile_analysis/shapefiles/Bolzano_urban_area_WGS84.prj,shapefile part,Urban area (WGS84),ok,1,145,2025-05-21T16:18:44,a02a27b1d1982c8516d83398e85a3c8b1aef1713c13ef4d84d7bde17430c07c4,full,data/shapefiles/wrf_analysis/Bolzano_urban_area_WGS84.prj
2026-10-02T10:02:26,/home/gsimonet/Desktop/WRF_alto_adige_local/script/analysis/LCZ_shapefile_analysis/shapefiles/Bolzano_urban_area_WGS84.qmd,shapefile part,Urban area (WGS84),ok,1,1044,2025-05-21T16:18:44,88d8310ded8a7db0aea2d2900bce87c51b886c07f0392be672aa446f9e628744,full,data/shapefiles/wrf_analysis/Bolzano_urban_area_WGS84.qmd
2026-10-02T10:02:26,/home/gsimonet/Desktop/WRF_alto_adige_local/script/analysis/LCZ_shapefile_analysis/shapefiles/Bolzano_urban_area_WGS84.shp,shapefile part,Urban area (WGS84),ok,1,700,2025-05-21T16:18:44,77f42301a925f4222b7dff39b73a056757faa1409236bf9b8f328d2a2ae2c221,full,data/shapefiles/wrf_analysis/Bolzano_urban_area_WGS84.shp
2026-10-02T10:02:26,/home/gsimonet/Desktop/WRF_alto_adige_local/script/analysis/LCZ_shapefile_analysis/shapefiles/Bolzano_urban_area_WGS84.shx,shapefile part,Urban area (WGS84),ok,1,108,2026-06-05T18:10:47,9bed7e488cf8d187cb203af6f900a3b868f5e8c30cb9ed4dc7308b09ee22ba56,full,data/shapefiles/wrf_analysis/Bolzano_urban_area_WGS84.shx
2026-10-02T10:02:26,/home/gsimonet/Desktop/WRF_alto_adige_local/script/analysis/LCZ_shapefile_analysis/shapefiles/Bolzano_rural_area.cpg,shapefile part,"Hand-drawn rural polygon (EPSG:3035), gridded-source UHI",ok,1,5,2025-02-20T15:43:31,3ad3031f5503a4404af825262ee8232cc04d4ea6683d42c5dd0a2f2a27ac9824,full,data/shapefiles/wrf_analysis/Bolzano_rural_area.cpg
2026-10-02T10:02:26,/home/gsimonet/Desktop/WRF_alto_adige_local/script/analysis/LCZ_shapefile_analysis/shapefiles/Bolzano_rural_area.dbf,shapefile part,"Hand-drawn rural polygon (EPSG:3035), gridded-source UHI",ok,1,77,2025-02-20T15:43:31,026acbe4dddf338f51f7ecf63c88e1fa923bf00d1976971a03c47078f45603f7,full,data/shapefiles/wrf_analysis/Bolzano_rural_area.dbf
2026-10-02T10:02:26,/home/gsimonet/Desktop/WRF_alto_adige_local/script/analysis/LCZ_shapefile_analysis/shapefiles/Bolzano_rural_area.prj,shapefile part,"Hand-drawn rural polygon (EPSG:3035), gridded-source UHI",ok,1,380,2025-02-20T15:43:31,da5ba59a3aab0d7f6ee209750f35a3642f308afee1f6313cee3707ef7a62c18b,full,data/shapefiles/wrf_analysis/Bolzano_rural_area.prj
2026-10-02T10:02:26,/home/gsimonet/Desktop/WRF_alto_adige_local/script/analysis/LCZ_shapefile_analysis/shapefiles/Bolzano_rural_area.shp,shapefile part,"Hand-drawn rural polygon (EPSG:3035), gridded-source UHI",ok,1,348,2025-02-20T15:43:31,3ee3cd01f7a95fe6e1188780964efc11251602031bef1062596b7180878dc6a0,full,data/shapefiles/wrf_analysis/Bolzano_rural_area.shp
2026-10-02T10:02:26,/home/gsimonet/Desktop/WRF_alto_adige_local/script/analysis/LCZ_shapefile_analysis/shapefiles/Bolzano_rural_area.shx,shapefile part,"Hand-drawn rural polygon (EPSG:3035), gridded-source UHI",ok,1,108,2026-06-05T18:10:47,5612d1d320c0b614c66b022e1cf36feeb57d5293462b6b75cddd5afe5181fa98,full,data/shapefiles/wrf_analysis/Bolzano_rural_area.shx
2026-10-02T10:02:26,/home/gsimonet/Desktop/WRF_alto_adige_local/script/analysis/LCZ_shapefile_analysis/shapefiles/Bolzano_rural_area_WGS84.cpg,shapefile part,Hand-drawn rural polygon (WGS84),ok,1,5,2025-05-21T16:19:10,3ad3031f5503a4404af825262ee8232cc04d4ea6683d42c5dd0a2f2a27ac9824,full,data/shapefiles/wrf_analysis/Bolzano_rural_area_WGS84.cpg
2026-10-02T10:02:26,/home/gsimonet/Desktop/WRF_alto_adige_local/script/analysis/LCZ_shapefile_analysis/shapefiles/Bolzano_rural_area_WGS84.dbf,shapefile part,Hand-drawn rural polygon (WGS84),ok,1,77,2025-05-21T16:19:10,99da6712364d56736bd891bc3d90c84087e5b472e28a6dd4155b18d8f859aed9,full,data/shapefiles/wrf_analysis/Bolzano_rural_area_WGS84.dbf
2026-10-02T10:02:26,/home/gsimonet/Desktop/WRF_alto_adige_local/script/analysis/LCZ_shapefile_analysis/shapefiles/Bolzano_rural_area_WGS84.prj,shapefile part,Hand-drawn rural polygon (WGS84),ok,1,145,2025-05-21T16:19:10,a02a27b1d1982c8516d83398e85a3c8b1aef1713c13ef4d84d7bde17430c07c4,full,data/shapefiles/wrf_analysis/Bolzano_rural_area_WGS84.prj
2026-10-02T10:02:26,/home/gsimonet/Desktop/WRF_alto_adige_local/script/analysis/LCZ_shapefile_analysis/shapefiles/Bolzano_rural_area_WGS84.qmd,shapefile part,Hand-drawn rural polygon (WGS84),ok,1,1044,2025-05-21T16:19:10,88d8310ded8a7db0aea2d2900bce87c51b886c07f0392be672aa446f9e628744,full,data/shapefiles/wrf_analysis/Bolzano_rural_area_WGS84.qmd
2026-10-02T10:02:26,/home/gsimonet/Desktop/WRF_alto_adige_local/script/analysis/LCZ_shapefile_analysis/shapefiles/Bolzano_rural_area_WGS84.shp,shapefile part,Hand-drawn rural polygon (WGS84),ok,1,348,2025-05-21T16:19:10,e0c3a78dd47aef96df854514d4d312a0142c5d0f5cba5f8f7a8091cf7e404aed,full,data/shapefiles/wrf_analysis/Bolzano_rural_area_WGS84.shp
2026-10-02T10:02:26,/home/gsimonet/Desktop/WRF_alto_adige_local/script/analysis/LCZ_shapefile_analysis/shapefiles/Bolzano_rural_area_WGS84.shx,shapefile part,Hand-drawn rural polygon (WGS84),ok,1,108,2025-05-21T16:19:10,5972ba18821b32523344ff2a2136be20b46c0a11e513af0e338b06d7b09a5817,full,data/shapefiles/wrf_analysis/Bolzano_rural_area_WGS84.shx
2026-10-02T10:02:26,/home/gsimonet/Desktop/WRF_alto_adige_local/script/analysis/LCZ_shapefile_analysis/shapefiles/Bolzano_rural_ring_gap0m_w5000m_nodz.cpg,shapefile part,"5 km rural buffer (UTM 32N), build_rural_ring.py",ok,1,5,2026-09-30T18:22:14,3ad3031f5503a4404af825262ee8232cc04d4ea6683d42c5dd0a2f2a27ac9824,full,data/shapefiles/wrf_analysis/Bolzano_rural_ring_gap0m_w5000m_nodz.cpg
2026-10-02T10:02:26,/home/gsimonet/Desktop/WRF_alto_adige_local/script/analysis/LCZ_shapefile_analysis/shapefiles/Bolzano_rural_ring_gap0m_w5000m_nodz.dbf,shapefile part,"5 km rural buffer (UTM 32N), build_rural_ring.py",ok,1,259,2026-09-30T18:22:14,5dee55a5ed9c7369e8a4d57880e1a9e2d75c6842c765c67ba4a3c4df10e2ab18,full,data/shapefiles/wrf_analysis/Bolzano_rural_ring_gap0m_w5000m_nodz.dbf
2026-10-02T10:02:26,/home/gsimonet/Desktop/WRF_alto_adige_local/script/analysis/LCZ_shapefile_analysis/shapefiles/Bolzano_rural_ring_gap0m_w5000m_nodz.prj,shapefile part,"5 km rural buffer (UTM 32N), build_rural_ring.py",ok,1,400,2026-09-30T18:22:14,10a2674d7bc43a70df19daf98d0b1deb3f5222f03659e1b4d82b395c20177cb9,full,data/shapefiles/wrf_analysis/Bolzano_rural_ring_gap0m_w5000m_nodz.prj
2026-10-02T10:02:26,/home/gsimonet/Desktop/WRF_alto_adige_local/script/analysis/LCZ_shapefile_analysis/shapefiles/Bolzano_rural_ring_gap0m_w5000m_nodz.shp,shapefile part,"5 km rural buffer (UTM 32N), build_rural_ring.py",ok,1,2368,2026-09-30T18:22:14,6d367a29175e1d4a30067608afc59b2b5df650c650a20b040553803f9a0a2a7f,full,data/shapefiles/wrf_analysis/Bolzano_rural_ring_gap0m_w5000m_nodz.shp
2026-10-02T10:02:26,/home/gsimonet/Desktop/WRF_alto_adige_local/script/analysis/LCZ_shapefile_analysis/shapefiles/Bolzano_rural_ring_gap0m_w5000m_nodz.shx,shapefile part,"5 km rural buffer (UTM 32N), build_rural_ring.py",ok,1,108,2026-09-30T18:22:14,9327458adf0ddb9c1307c835c71ae6b035e54ae28e2f5adf17b077bdff80ea6e,full,data/shapefiles/wrf_analysis/Bolzano_rural_ring_gap0m_w5000m_nodz.shx
2026-10-02T10:02:26,/home/gsimonet/Desktop/WRF_alto_adige_local/script/analysis/LCZ_shapefile_analysis/shapefiles/Bolzano_rural_ring_gap0m_w5000m_nodz_WGS84.cpg,shapefile part,5 km rural buffer (WGS84),ok,1,5,2026-09-30T18:22:15,3ad3031f5503a4404af825262ee8232cc04d4ea6683d42c5dd0a2f2a27ac9824,full,data/shapefiles/wrf_analysis/Bolzano_rural_ring_gap0m_w5000m_nodz_WGS84.cpg
2026-10-02T10:02:26,/home/gsimonet/Desktop/WRF_alto_adige_local/script/analysis/LCZ_shapefile_analysis/shapefiles/Bolzano_rural_ring_gap0m_w5000m_nodz_WGS84.dbf,shapefile part,5 km rural buffer (WGS84),ok,1,259,2026-09-30T18:22:15,5dee55a5ed9c7369e8a4d57880e1a9e2d75c6842c765c67ba4a3c4df10e2ab18,full,data/shapefiles/wrf_analysis/Bolzano_rural_ring_gap0m_w5000m_nodz_WGS84.dbf
2026-10-02T10:02:26,/home/gsimonet/Desktop/WRF_alto_adige_local/script/analysis/LCZ_shapefile_analysis/shapefiles/Bolzano_rural_ring_gap0m_w5000m_nodz_WGS84.prj,shapefile part,5 km rural buffer (WGS84),ok,1,145,2026-09-30T18:22:15,a02a27b1d1982c8516d83398e85a3c8b1aef1713c13ef4d84d7bde17430c07c4,full,data/shapefiles/wrf_analysis/Bolzano_rural_ring_gap0m_w5000m_nodz_WGS84.prj
2026-10-02T10:02:26,/home/gsimonet/Desktop/WRF_alto_adige_local/script/analysis/LCZ_shapefile_analysis/shapefiles/Bolzano_rural_ring_gap0m_w5000m_nodz_WGS84.shp,shapefile part,5 km rural buffer (WGS84),ok,1,2368,2026-09-30T18:22:15,c1e4a30dddeb4325c14addb847ea3721e0a39e5bbdc8efca5e0f4bc98755967b,full,data/shapefiles/wrf_analysis/Bolzano_rural_ring_gap0m_w5000m_nodz_WGS84.shp
2026-10-02T10:02:26,/home/gsimonet/Desktop/WRF_alto_adige_local/script/analysis/LCZ_shapefile_analysis/shapefiles/Bolzano_rural_ring_gap0m_w5000m_nodz_WGS84.shx,shapefile part,5 km rural buffer (WGS84),ok,1,108,2026-09-30T18:22:15,4e650618d5adbc12be728da97a751e038cea19b437c7a82b420f4fc4387345c8,full,data/shapefiles/wrf_analysis/Bolzano_rural_ring_gap0m_w5000m_nodz_WGS84.shx
2026-10-02T10:02:26,/home/gsimonet/Desktop/WRF_alto_adige_local/script/analysis/LCZ_shapefile_analysis/shapefiles/Bolzano_rural_ring_gap0m_w5000m_nodz_EPSG3035.cpg,shapefile part,"5 km rural buffer (EPSG:3035), Fig. 8",ok,1,5,2026-10-01T10:53:43,3ad3031f5503a4404af825262ee8232cc04d4ea6683d42c5dd0a2f2a27ac9824,full,data/shapefiles/wrf_analysis/Bolzano_rural_ring_gap0m_w5000m_nodz_EPSG3035.cpg
2026-10-02T10:02:26,/home/gsimonet/Desktop/WRF_alto_adige_local/script/analysis/LCZ_shapefile_analysis/shapefiles/Bolzano_rural_ring_gap0m_w5000m_nodz_EPSG3035.dbf,shapefile part,"5 km rural buffer (EPSG:3035), Fig. 8",ok,1,259,2026-10-01T10:53:43,9bcf41a5698e1bd8230a7097113dd4102ff34764b3da5e004996711230c0c330,full,data/shapefiles/wrf_analysis/Bolzano_rural_ring_gap0m_w5000m_nodz_EPSG3035.dbf
2026-10-02T10:02:26,/home/gsimonet/Desktop/WRF_alto_adige_local/script/analysis/LCZ_shapefile_analysis/shapefiles/Bolzano_rural_ring_gap0m_w5000m_nodz_EPSG3035.prj,shapefile part,"5 km rural buffer (EPSG:3035), Fig. 8",ok,1,380,2026-10-01T10:53:43,da5ba59a3aab0d7f6ee209750f35a3642f308afee1f6313cee3707ef7a62c18b,full,data/shapefiles/wrf_analysis/Bolzano_rural_ring_gap0m_w5000m_nodz_EPSG3035.prj
2026-10-02T10:02:26,/home/gsimonet/Desktop/WRF_alto_adige_local/script/analysis/LCZ_shapefile_analysis/shapefiles/Bolzano_rural_ring_gap0m_w5000m_nodz_EPSG3035.shp,shapefile part,"5 km rural buffer (EPSG:3035), Fig. 8",ok,1,2368,2026-10-01T10:53:43,76ecf1e8f9e0188348b77abc4b3c40b8fb4169ef7ce5546490515aa3681492cb,full,data/shapefiles/wrf_analysis/Bolzano_rural_ring_gap0m_w5000m_nodz_EPSG3035.shp
2026-10-02T10:02:26,/home/gsimonet/Desktop/WRF_alto_adige_local/script/analysis/LCZ_shapefile_analysis/shapefiles/Bolzano_rural_ring_gap0m_w5000m_nodz_EPSG3035.shx,shapefile part,"5 km rural buffer (EPSG:3035), Fig. 8",ok,1,108,2026-10-01T10:53:43,23155bffcf10943740d37f8fa7a9551af812a32631dbc9795b73a3a9a724cf6a,full,data/shapefiles/wrf_analysis/Bolzano_rural_ring_gap0m_w5000m_nodz_EPSG3035.shx
2026-10-02T10:02:26,/home/gsimonet/Desktop/WRF_alto_adige_local/script/analysis/LCZ_shapefile_analysis/shapefiles/valley_x_sec_along_river_bolzano_v2.cpg,shapefile part,Valley transect for the lapse-rate fit,ok,1,5,2025-03-04T18:12:15,3ad3031f5503a4404af825262ee8232cc04d4ea6683d42c5dd0a2f2a27ac9824,full,data/shapefiles/wrf_analysis/valley_x_sec_along_river_bolzano_v2.cpg
2026-10-02T10:02:26,/home/gsimonet/Desktop/WRF_alto_adige_local/script/analysis/LCZ_shapefile_analysis/shapefiles/valley_x_sec_along_river_bolzano_v2.dbf,shapefile part,Valley transect for the lapse-rate fit,ok,1,77,2025-03-04T18:12:54,c91b54e78f7ed91b280c177af0103bfb78dcda36dbc295efc1f2363697b153af,full,data/shapefiles/wrf_analysis/valley_x_sec_along_river_bolzano_v2.dbf
2026-10-02T10:02:26,/home/gsimonet/Desktop/WRF_alto_adige_local/script/analysis/LCZ_shapefile_analysis/shapefiles/valley_x_sec_along_river_bolzano_v2.prj,shapefile part,Valley transect for the lapse-rate fit,ok,1,145,2025-03-04T18:12:15,a02a27b1d1982c8516d83398e85a3c8b1aef1713c13ef4d84d7bde17430c07c4,full,data/shapefiles/wrf_analysis/valley_x_sec_along_river_bolzano_v2.prj
2026-10-02T10:02:26,/home/gsimonet/Desktop/WRF_alto_adige_local/script/analysis/LCZ_shapefile_analysis/shapefiles/valley_x_sec_along_river_bolzano_v2.shp,shapefile part,Valley transect for the lapse-rate fit,ok,1,348,2025-03-04T18:12:54,6ab53806d85c03ffdece9875b9c00540cc653c31dbd6dcc90bcaf09bacacb1c8,full,data/shapefiles/wrf_analysis/valley_x_sec_along_river_bolzano_v2.shp
2026-10-02T10:02:26,/home/gsimonet/Desktop/WRF_alto_adige_local/script/analysis/LCZ_shapefile_analysis/shapefiles/valley_x_sec_along_river_bolzano_v2.shx,shapefile part,Valley transect for the lapse-rate fit,ok,1,108,2025-03-04T18:12:54,b219994748e1e61eada16171c8186a1a745a3a727360829abdf3893cf483b7e8,full,data/shapefiles/wrf_analysis/valley_x_sec_along_river_bolzano_v2.shx
2026-10-02T10:02:26,/home/gsimonet/Desktop/WRF_alto_adige_local/script/analysis/LCZ_shapefile_analysis/shapefiles/Bolzano_city_core.cpg,shapefile part,City core polygon,ok,1,5,2025-02-20T15:43:31,3ad3031f5503a4404af825262ee8232cc04d4ea6683d42c5dd0a2f2a27ac9824,full,data/shapefiles/wrf_analysis/Bolzano_city_core.cpg
2026-10-02T10:02:26,/home/gsimonet/Desktop/WRF_alto_adige_local/script/analysis/LCZ_shapefile_analysis/shapefiles/Bolzano_city_core.dbf,shapefile part,City core polygon,ok,1,77,2025-02-20T15:43:31,97888b6c39fed18c8a2595ab7de407406ea2255f206471215acc9435b3d0b554,full,data/shapefiles/wrf_analysis/Bolzano_city_core.dbf
2026-10-02T10:02:26,/home/gsimonet/Desktop/WRF_alto_adige_local/script/analysis/LCZ_shapefile_analysis/shapefiles/Bolzano_city_core.prj,shapefile part,City core polygon,ok,1,380,2025-02-20T15:43:31,da5ba59a3aab0d7f6ee209750f35a3642f308afee1f6313cee3707ef7a62c18b,full,data/shapefiles/wrf_analysis/Bolzano_city_core.prj
2026-10-02T10:02:26,/home/gsimonet/Desktop/WRF_alto_adige_local/script/analysis/LCZ_shapefile_analysis/shapefiles/Bolzano_city_core.shp,shapefile part,City core polygon,ok,1,380,2025-02-20T15:43:31,ef168613a100e8fa3a3fc5be3be83c96d09717824666ff96b6e7cb3cf33baece,full,data/shapefiles/wrf_analysis/Bolzano_city_core.shp
2026-10-02T10:02:26,/home/gsimonet/Desktop/WRF_alto_adige_local/script/analysis/LCZ_shapefile_analysis/shapefiles/Bolzano_city_core.shx,shapefile part,City core polygon,ok,1,108,2026-06-05T18:10:47,5de53c7ff12f8e91c483e7b7171b57a1123dbc375c509e2e94a0691c25a18be2,full,data/shapefiles/wrf_analysis/Bolzano_city_core.shx
2026-10-02T10:02:26,/home/gsimonet/Desktop/NETATMO_BOLZANO_PACKAGE/visualization/LCZ_shapefile_analysis/Bolzano_urban_area.cpg,shapefile part,"Urban area, copy used by the NetAtmo/MeteoTracker scripts",ok,1,5,2025-01-31T16:48:06,3ad3031f5503a4404af825262ee8232cc04d4ea6683d42c5dd0a2f2a27ac9824,full,data/shapefiles/netatmo_package/Bolzano_urban_area.cpg
2026-10-02T10:02:26,/home/gsimonet/Desktop/NETATMO_BOLZANO_PACKAGE/visualization/LCZ_shapefile_analysis/Bolzano_urban_area.dbf,shapefile part,"Urban area, copy used by the NetAtmo/MeteoTracker scripts",ok,1,77,2025-01-31T16:49:21,026acbe4dddf338f51f7ecf63c88e1fa923bf00d1976971a03c47078f45603f7,full,data/shapefiles/netatmo_package/Bolzano_urban_area.dbf
2026-10-02T10:02:26,/home/gsimonet/Desktop/NETATMO_BOLZANO_PACKAGE/visualization/LCZ_shapefile_analysis/Bolzano_urban_area.prj,shapefile part,"Urban area, copy used by the NetAtmo/MeteoTracker scripts",ok,1,380,2025-01-31T16:48:06,da5ba59a3aab0d7f6ee209750f35a3642f308afee1f6313cee3707ef7a62c18b,full,data/shapefiles/netatmo_package/Bolzano_urban_area.prj
2026-10-02T10:02:26,/home/gsimonet/Desktop/NETATMO_BOLZANO_PACKAGE/visualization/LCZ_shapefile_analysis/Bolzano_urban_area.shp,shapefile part,"Urban area, copy used by the NetAtmo/MeteoTracker scripts",ok,1,700,2025-01-31T16:49:21,087381f365ec62b62151fc805d410a586335428ce222ec7bb869537fb0129547,full,data/shapefiles/netatmo_package/Bolzano_urban_area.shp
2026-10-02T10:02:26,/home/gsimonet/Desktop/NETATMO_BOLZANO_PACKAGE/visualization/LCZ_shapefile_analysis/Bolzano_urban_area.shx,shapefile part,"Urban area, copy used by the NetAtmo/MeteoTracker scripts",ok,1,108,2025-01-31T16:49:21,c03536ebbed969c90d6207af77aefa5a52d248bb8f89b1e502281af2034dd729,full,data/shapefiles/netatmo_package/Bolzano_urban_area.shx
2026-10-02T10:02:26,/home/gsimonet/Desktop/multi_source_UHI_Bolzano_package/MAP_of_ITALY_for_BZ_location/Bolzano_urban_area.shp,shapefile part,"Urban area, copy used by Fig. 1b",ok,1,700,2025-01-31T16:49:21,087381f365ec62b62151fc805d410a586335428ce222ec7bb869537fb0129547,full,data/shapefiles/italy_map/Bolzano_urban_area.shp
2026-10-02T10:02:26,/home/gsimonet/Desktop/multi_source_UHI_Bolzano_package/MAP_of_ITALY_for_BZ_location/Bolzano_urban_area.shx,shapefile part,"Urban area, copy used by Fig. 1b",ok,1,108,2025-01-31T16:49:21,c03536ebbed969c90d6207af77aefa5a52d248bb8f89b1e502281af2034dd729,full,data/shapefiles/italy_map/Bolzano_urban_area.shx
